NOAA_AR,split
11063,train
11064,train
11065,train
11066,train
11067,train
11068,train
11069,train
11070,train
11071,train
11072,train
11073,train
11074,train
11075,train
11076,train
11078,test
11079,train
11080,train
11081,train
11082,val
11083,train
11084,train
11085,train
11086,train
11087,train
11088,val
11089,train
11090,train
11092,train
11093,train
11094,train
11095,val
11096,train
11097,train
11098,train
11100,train
11101,test
11102,train
11103,train
11104,train
11105,train
11106,test
11107,train
11108,train
11109,train
11110,train
11111,train
11112,train
11113,train
11114,train
11115,train
11116,train
11117,train
11118,train
11119,train
11120,train
11121,train
11122,train
11124,val
11126,train
11127,train
11128,train
11129,train
11130,train
11131,train
11132,train
11133,train
11135,train
11136,train
11137,test
11138,train
11139,val
11140,train
11141,val
11142,train
11143,train
11144,test
11145,train
11146,train
11147,val
11148,train
11150,val
11151,test
11152,train
11153,train
11154,test
11155,train
11156,train
11157,test
11158,val
11159,train
11160,train
11163,train
11164,train
11165,train
11166,train
11167,train
11168,train
11169,train
11170,train
11171,train
11172,val
11173,train
11174,train
11176,test
11177,train
11179,test
11180,train
11181,test
11182,train
11183,train
11184,train
11185,train
11187,train
11188,train
11190,train
11193,train
11194,train
11196,train
11198,train
11199,train
11200,train
11201,train
11202,val
11203,train
11206,train
11207,train
11208,train
11209,train
11210,train
11211,train
11212,train
11213,train
11214,train
11215,train
11216,train
11218,val
11219,train
11220,train
11221,train
11222,train
11223,train
11225,train
11226,train
11228,train
11229,train
11231,train
11232,train
11234,train
11235,val
11236,train
11237,train
11238,val
11239,train
11241,train
11242,train
11243,train
11244,train
11245,train
11246,train
11247,train
11248,train
11249,train
11250,val
11251,test
11254,train
11256,train
11258,train
11259,train
11260,test
11261,train
11262,train
11263,train
11264,train
11265,train
11266,train
11267,test
11268,train
11269,train
11270,test
11271,train
11272,train
11273,train
11274,val
11275,train
11277,train
11280,train
11281,train
11283,train
11284,val
11285,train
11287,train
11288,train
11289,train
11290,test
11291,train
11292,val
11294,train
11295,train
11297,train
11299,train
11300,val
11301,test
11302,train
11303,train
11304,train
11305,test
11306,train
11307,train
11308,train
11309,test
11310,train
11311,train
11312,train
11313,train
11314,train
11316,train
11317,train
11318,train
11321,train
11322,val
11323,train
11324,train
11326,train
11327,train
11330,train
11331,train
11332,train
11334,train
11335,test
11337,train
11338,test
11339,train
11340,train
11341,test
11343,val
11346,train
11347,train
11349,test
11350,train
11352,test
11353,train
11354,train
11357,train
11358,train
11359,train
11361,train
11362,train
11363,train
11364,train
11365,train
11367,train
11368,train
11370,val
11373,val
11374,train
11375,train
11376,train
11378,train
11380,val
11381,train
11383,train
11385,train
11386,train
11388,train
11390,train
11391,test
11392,train
11393,train
11395,train
11396,train
11397,train
11398,train
11399,val
11400,train
11402,train
11403,val
11404,train
11406,test
11408,train
11409,train
11410,train
11411,train
11412,test
11414,train
11415,test
11416,train
11417,train
11418,train
11419,train
11420,train
11421,test
11422,train
11423,val
11425,train
11426,train
11427,train
11428,train
11429,train
11431,test
11432,train
11433,train
11434,train
11435,train
11436,train
11437,train
11438,train
11439,train
11440,train
11443,train
11445,train
11446,train
11447,train
11448,train
11449,val
11450,train
11451,train
11454,val
11455,test
11456,train
11457,train
11458,train
11459,val
11460,val
11461,train
11462,val
11463,train
11464,val
11465,train
11466,val
11467,train
11469,train
11471,train
11472,train
11474,train
11475,train
11476,train
11477,train
11479,train
11480,train
11481,train
11483,train
11484,val
11485,train
11486,train
11487,train
11488,train
11489,train
11490,train
11492,train
11494,train
11495,test
11496,val
11497,train
11500,test
11502,train
11504,val
11506,train
11507,train
11510,test
11511,test
11512,train
11513,test
11515,train
11518,val
11522,train
11523,train
11524,train
11526,train
11527,train
11531,train
11532,train
11533,train
11534,train
11535,train
11537,test
11538,train
11542,train
11543,train
11545,train
11546,train
11547,test
11548,train
11549,train
11550,train
11551,train
11552,train
11553,val
11554,test
11555,train
11556,train
11557,train
11558,train
11560,train
11561,train
11562,train
11563,train
11564,train
11565,train
11566,train
11567,val
11568,train
11569,train
11570,train
11571,test
11572,train
11573,test
11574,train
11575,train
11576,train
11578,train
11579,train
11580,train
11582,train
11585,val
11586,train
11588,train
11589,train
11590,test
11591,train
11592,train
11593,train
11594,train
11595,train
11596,train
11597,train
11598,test
11599,train
11600,train
11601,train
11602,train
11603,train
11604,train
11605,train
11606,val
11607,test
11608,train
11610,train
11611,train
11613,train
11614,train
11616,train
11618,train
11620,val
11621,train
11622,train
11623,train
11624,test
11626,train
11627,train
11628,train
11630,val
11631,train
11634,test
11635,train
11636,train
11638,train
11639,test
11640,val
11641,train
11642,train
11643,train
11644,test
11645,train
11647,test
11648,train
11649,train
11650,train
11651,train
11652,train
11653,train
11654,train
11656,train
11657,train
11658,train
11659,train
11660,test
11661,train
11662,train
11663,train
11664,test
11665,train
11668,train
11669,train
11670,train
11671,train
11672,train
11673,train
11675,test
11676,test
11677,train
11680,train
11681,train
11682,train
11683,train
11686,train
11687,train
11689,train
11690,train
11691,val
11692,val
11693,train
11695,train
11696,test
11697,train
11698,train
11699,train
11700,val
11702,train
11703,test
11704,train
11705,train
11706,train
11707,train
11709,train
11710,train
11711,train
11712,val
11713,train
11714,train
11715,train
11716,train
11717,train
11718,train
11719,train
11721,train
11723,test
11724,train
11725,train
11726,train
11727,train
11728,val
11729,train
11730,train
11731,train
11733,train
11734,train
11736,train
11737,train
11739,val
11740,train
11741,val
11743,train
11744,test
11745,train
11746,train
11748,train
11749,val
11750,train
11752,train
11755,test
11756,train
11757,val
11760,train
11761,val
11762,val
11764,train
11765,val
11766,train
11767,test
11768,test
11773,train
11775,train
11776,train
11777,train
11778,train
11779,test
11780,test
11781,train
11782,train
11784,train
11785,train
11786,train
11789,train
11790,train
11791,val
11792,train
11793,train
11794,train
11795,val
11796,train
11797,train
11798,train
11799,test
11800,val
11801,train
11802,train
11806,train
11807,val
11808,train
11809,train
11810,train
11811,train
11812,train
11813,train
11817,train
11818,train
11820,test
11821,train
11823,val
11824,train
11825,train
11826,train
11827,train
11828,train
11829,train
11831,train
11832,train
11833,train
11834,train
11835,train
11836,test
11837,train
11838,train
11839,train
11841,train
11842,train
11843,test
11845,train
11846,train
11847,train
11849,train
11850,test
11851,train
11853,train
11854,train
11855,test
11856,train
11857,test
11858,train
11859,train
11860,train
11861,train
11862,train
11863,train
11866,train
11867,train
11869,val
11872,train
11873,train
11874,val
11875,train
11876,train
11877,train
11878,train
11881,train
11882,test
11883,train
11884,train
11886,train
11887,train
11888,train
11889,train
11890,train
11891,val
11892,train
11893,train
11894,val
11896,train
11897,train
11898,train
11899,train
11901,train
11902,train
11903,train
11905,train
11907,train
11908,train
11909,train
11910,train
11911,val
11912,train
11914,train
11915,test
11916,train
11917,train
11919,train
11921,val
11922,train
11923,train
11924,train
11927,train
11928,train
11929,train
11930,train
11931,train
11932,train
11935,train
11936,train
11937,train
11938,train
11939,train
11942,train
11944,val
11945,train
11946,train
11947,train
11948,train
11949,train
11950,train
11951,train
11952,train
11953,val
11954,train
11955,train
11957,train
11960,train
11961,train
11962,train
11965,train
11967,train
11968,val
11969,test
11971,train
11973,train
11974,train
11975,train
11976,train
11977,train
11978,train
11982,train
11985,train
11986,train
11987,val
11988,train
11990,train
11991,train
11992,test
11996,train
11998,train
11999,train
12000,train
12002,train
12003,train
12004,train
12005,test
12009,test
12010,train
12011,train
12013,train
12014,train
12016,train
12017,train
12021,train
12022,train
12024,val
12025,train
12026,train
12027,train
12029,val
12032,train
12034,train
12035,train
12036,train
12039,val
12040,train
12041,train
12042,train
12044,test
12045,train
12047,test
12048,train
12049,val
12050,train
12052,train
12053,train
12054,val
12055,train
12060,train
12061,train
12062,train
12063,train
12064,train
12065,train
12066,train
12069,train
12071,test
12075,val
12077,train
12078,train
12079,train
12082,train
12083,train
12084,train
12085,train
12086,train
12087,train
12089,test
12090,train
12091,train
12094,train
12095,train
12096,train
12098,train
12099,train
12100,train
12103,train
12105,train
12106,train
12108,train
12109,train
12111,train
12112,train
12113,val
12114,train
12118,train
12119,train
12120,train
12121,train
12122,train
12125,train
12126,train
12127,train
12128,train
12133,train
12134,val
12177,train
12178,train
12181,train
12182,train
12183,train
12184,test
12186,train
12187,train
12188,val
12189,train
12190,train
12192,val
12193,train
12194,train
12195,train
12196,test
12197,train
12198,train
12199,train
12200,train
12201,train
12202,val
12203,train
12204,test
12205,train
12206,train
12208,train
12209,train
12210,train
12211,train
12212,train
12215,val
12216,train
12217,train
12218,train
12219,train
12221,train
12222,train
12223,train
12225,train
12227,train
12228,val
12229,train
12230,train
12232,train
12233,train
12234,train
12236,train
12238,train
12239,train
12240,train
12241,train
12242,train
12243,test
12244,train
12245,val
12246,test
12248,train
12249,train
12250,train
12251,train
12252,train
12253,train
12254,train
12255,test
12256,train
12257,test
12258,train
12259,train
12260,train
12261,train
12262,train
12263,train
12265,train
12266,val
12267,train
12268,train
12269,train
12271,train
12272,train
12273,train
12274,train
12275,train
12276,train
12277,train
12280,test
12281,train
12282,train
12283,test
12284,train
12285,train
12286,train
12287,train
12288,train
12289,train
12290,train
12292,train
12293,val
12295,val
12297,train
12298,test
12299,val
12300,train
12301,train
12302,train
12303,train
12304,train
12305,train
12306,train
12307,train
12308,test
12309,train
12311,train
12313,train
12314,train
12315,train
12317,val
12318,val
12319,train
12320,train
12321,train
12322,train
12325,train
12326,test
12328,train
12329,train
12330,train
12331,train
12332,train
12333,train
12334,train
12335,train
12336,val
12337,train
12338,val
12339,train
12340,train
12341,train
12342,val
12344,train
12347,train
12348,train
12349,test
12350,train
12351,test
12352,train
12353,val
12354,train
12355,test
12356,train
12357,test
12358,train
12360,train
12362,train
12363,test
12364,train
12365,train
12367,train
12368,val
12369,train
12370,train
12371,train
12373,train
12374,val
12375,train
12377,train
12378,test
12381,train
12382,train
12384,test
12385,test
12386,train
12387,train
12388,train
12389,val
12390,val
12391,train
12392,train
12393,train
12394,train
12395,val
12396,train
12397,train
12398,train
12399,val
12400,test
12401,train
12402,train
12403,val
12404,train
12405,train
12406,train
12407,train
12409,train
12410,train
12411,train
12413,val
12414,train
12415,train
12416,train
12417,train
12418,train
12419,train
12420,test
12421,test
12422,train
12423,test
12424,train
12425,train
12426,train
12427,train
12428,train
12429,val
12430,train
12431,train
12432,train
12433,train
12434,train
12436,train
12437,train
12438,train
12440,train
12441,train
12443,train
12444,train
12445,train
12446,train
12447,train
12448,train
12449,train
12452,val
12453,train
12454,train
12455,train
12457,train
12458,test
12459,train
12462,train
12463,train
12464,val
12465,train
12467,train
12468,val
12470,test
12471,train
12472,train
12473,test
12474,test
12475,train
12476,train
12477,train
12478,train
12479,train
12480,train
12481,train
12482,val
12483,train
12484,train
12485,train
12487,train
12488,train
12489,train
12490,train
12491,train
12492,train
12493,val
12494,test
12495,train
12497,train
12498,train
12500,train
12501,train
12502,test
12503,train
12504,train
12505,val
12506,train
12507,train
12508,train
12509,train
12510,val
12512,train
12513,train
12515,train
12516,train
12517,train
12519,val
12520,train
12521,train
12522,train
12523,train
12524,train
12525,train
12526,train
12527,train
12528,test
12529,val
12530,val
12553,train
12554,train
12558,train
12643,train
12644,train
12645,train
12646,train
12647,test
12648,train
12649,train
12650,train
12651,train
12653,train
12654,train
12655,train
12656,train
12657,train
12658,train
12659,train
12661,train
12662,train
12663,train
12664,train
12665,train
12666,val
12668,test
12669,train
12672,train
12673,train
12674,train
12675,train
12677,train
12678,train
12680,train
12681,train
12682,train
12683,train
12684,train
12685,train
12686,train
12687,test
12688,train
12689,test
12690,train
12691,train
12692,test
12693,train
12694,train
12695,train
12696,train
12697,train
12698,test
12699,train
12700,val
12702,train
12703,train
12704,train
12706,train
12707,train
12708,val
12709,train
12710,val
12711,test
12712,train
12713,train
12714,train
12715,train
12716,test
12717,train
12718,val
12719,train
12720,train
12721,train
12722,test
12723,train
12724,train
12725,train
12726,train
12727,train
12728,train
12729,train
12730,train
12731,train
12732,train
